{
  "project_info": {
    "project_number": "214452480553",
    "project_id": "coller-me",
    "storage_bucket": "coller-me.appspot.com"
  },
  "client": [
    {
      "client_info": {
        "mobilesdk_app_id": "1:214452480553:android:4a5e7be9a43b0eb0b38a38",
        "android_client_info": {
          "package_name": "com.example.coller_mobile"
        }
      },
      "oauth_client": [
        {
          "client_id": "214452480553-qpefp0vg0c7dn47jqvgph6dm10dj4ee1.apps.googleusercontent.com",
          "client_type": 3
        }
      ],
      "api_key": [
        {
          "current_key": "AIzaSyCp2bnVJ42iFptEldA-lnsRX_INRfNMMrI"
        }
      ],
      "services": {
        "appinvite_service": {
          "other_platform_oauth_client": [
            {
              "client_id": "214452480553-qpefp0vg0c7dn47jqvgph6dm10dj4ee1.apps.googleusercontent.com",
              "client_type": 3
            }
          ]
        }
      }
    }
  ],
  "configuration_version": "1"
}